filename,text,confidence
01 ammo.png,REFERENCE,0.9999213203212532
01 ammo.png,COLOR NAME,0.9838885330630682
01 ammo.png,RAL/RLMFS,0.8628188603706383
01 ammo.png,HOBBY COLOR,0.9809349994288734
01 ammo.png,MR.COLOR,0.8844225672029392
01 ammo.png,TAMIYA,0.997281604373063
01 ammo.png,MODEL COLOR,0.9963862493197505
01 ammo.png,MODEL AIR,0.9910273165165219
01 ammo.png,AMIG-0001,0.4964259419978525
01 ammo.png,OLIVGRUN OPT.1,0.7002222542786793
01 ammo.png,RAL 6003,0.8930080420979098
01 ammo.png,XF-61,0.9992699671189037
01 ammo.png,70.888,0.9999784404717883
01 ammo.png,AMIG-0002,0.6390791628556789
01 ammo.png,OLIVGRUN OPT.2,0.6616014090562228
01 ammo.png,FS34082-RAL 6003,0.9414048493721101
01 ammo.png,H-48,0.8117104611004744
01 ammo.png,C-52,0.9750092029571533
01 ammo.png,XF-65,0.9995629901406963
01 ammo.png,70.890,0.40389420271544424
01 ammo.png,71.092,0.9996538537316951
01 ammo.png,A.MIG-0003,0.723236374478221
01 ammo.png,RESEDAGRUN,0.9729159959546705
01 ammo.png,FS34227-RAL 6011,0.9952140138711679
01 ammo.png,H-312,0.996712497405456
01 ammo.png,C-312,0.5753387810171079
01 ammo.png,70.891,0.9999933326175573
01 ammo.png,71.126,0.9998978093186214
01 ammo.png,AMIG-0004,0.99801676456596
01 ammo.png,RESEDAGRUN B,0.9954166454563348
01 ammo.png,RAL 6011,0.9997961417249661
01 ammo.png,H-340,0.9456375878576241
01 ammo.png,C-340,0.9892304062954625
01 ammo.png,A.MIG-0005,0.6897180082963658
01 ammo.png,GRAUGRUN,0.6541354060088396
01 ammo.png,RAL 7008,0.8576634452111462
01 ammo.png,71.116,0.999760600642056
01 ammo.png,A.MIG-0006,0.6824228329701599
01 ammo.png,GRAUGRUN OPT2,0.6318686177111892
01 ammo.png,RAL 7008,0.9868199697476572
01 ammo.png,AMIG-0007,0.6508578640887995
01 ammo.png,DUNKELBRAUN,0.9999235833594169
01 ammo.png,RAL 7017,0.8422870728188766
01 ammo.png,70.347,0.7079527529222501
01 ammo.png,71.248,0.7579729070313858
01 ammo.png,AMIG-0008,0.7768165290379884
01 ammo.png,DUNKELGRAU,0.8117174958260798
01 ammo.png,RAL 7021,0.9998857793384857
01 ammo.png,H-401,0.6024559501315203
01 ammo.png,70.862,0.9999360511173421
01 ammo.png,71.056,0.9091264328572145
01 ammo.png,AMIG-000g,0.5700441200981815
01 ammo.png,SANDGRAU,0.9998749049125718
01 ammo.png,RAL 7027,0.9831420970966501
01 ammo.png,H-321,0.9551283986315465
01 ammo.png,C-321,0.6664642660446931
01 ammo.png,AMIG-0010,0.46152951599057096
01 ammo.png,DUNKELGELB (MID WAR),0.7973563997154196
01 ammo.png,RAL 7028,0.999594210145663
01 ammo.png,H-403,0.6660659318130602
01 ammo.png,XF-60,0.9991056970475451
01 ammo.png,71.025,0.9772155171695698
01 ammo.png,AMIG-0011,0.988657236708111
01 ammo.png,DUNKELGELB AUS '44 DG,0.7249709379834921
01 ammo.png,FS33440-RAL 7028,0.6280185078947156
01 ammo.png,70.978,0.9943451906933077
01 ammo.png,AMIG-0012,0.9990760735087866
01 ammo.png,DUNKELGELB AUS '44 DG IIl,0.4996650116151702
01 ammo.png,RAL 7028,0.7984626678670108
01 ammo.png,AMIG-0013,0.6232933616777604
01 ammo.png,GELBBRAUN,0.9999103526050639
01 ammo.png,RAL 8000,0.9423222411887682
01 ammo.png,H-27,0.9968612790107727
01 ammo.png,C-44,0.9901560651978594
01 ammo.png,XF-57,0.900543199706351
01 ammo.png,70.879,0.999781187838398
01 ammo.png,71.272,0.645282425028564
01 ammo.png,A.MIG-0014,0.6887123640233849
01 ammo.png,ROTBRAUN,0.9448600955875044
01 ammo.png,RAL 8012,0.9352964431655716
01 ammo.png,H-47 /H-460,0.9944749308653209
01 ammo.png,C-41,0.8671424654207682
01 ammo.png,XF-64,0.9960886165477927
01 ammo.png,70.814,0.9477073506592658
01 ammo.png,71.271,0.8194131004066914
01 ammo.png,AMIG-0015,0.6984511631382798
01 ammo.png,SCHOKOBRAUN,0.9356758817973785
01 ammo.png,FS30059-RAL 8017,0.9983779505518413
01 ammo.png,H-406,0.9521186929081511
01 ammo.png,XF-10,0.9995901273129116
01 ammo.png,70.985,0.9993615893026698
01 ammo.png,71.041,0.9600879568086419
01 ammo.png,AMIG-0016,0.9984979153193595
01 ammo.png,GELBBRAUN,0.9997276279623326
01 ammo.png,RAL 8020,0.9999170957254865
01 ammo.png,AMIG-0017,0.9004897822252893
01 ammo.png,CREMEWEISS,0.9999664867852194
01 ammo.png,RAL 9001,0.6465242856525539
01 ammo.png,70.918,0.5717804833896333
01 ammo.png,71.270,0.8958704159915136
01 ammo.png,AMIG-0018,0.9976592666088105
01 ammo.png,WAFFEN SS,0.9997446771400778
01 ammo.png,POLIZEI GRUN,0.8560849908985803
01 ammo.png,AMIG-0019,0.7556995893514135
01 ammo.png,RUSSIAN GREEN,0.8134253796619879
01 ammo.png,4B0,0.9655079078152692
01 ammo.png,70.924,0.800661875574014
01 ammo.png,71.017,0.8256112888895468
01 ammo.png,AMIG-0020,0.817177487122608
01 ammo.png,RUSSIAN BROWN,0.5731163528577002
01 ammo.png,6K,0.9854049196814022
01 ammo.png,70.941,0.6134274223548722
01 ammo.png,71.282,0.5794032415919282
01 ammo.png,AMIG-0021,0.5871667917049314
01 ammo.png,RUSSIAN TAN,0.8538557985704038
01 ammo.png,7K,0.9605502817157219
01 ammo.png,70.310,0.6678622613607224
01 ammo.png,71.283,0.7455045074096224
01 ammo.png,AMIG-0022,0.9993931723833644
01 ammo.png,BASIC PROTECTOR ALKIDNO-URETANOVAYA,0.883529165188748
01 ammo.png,3B AU,0.9839955249645623
01 ammo.png,70.337,0.8567929688799362
01 ammo.png,71.281,0.7700180946553927
01 ammo.png,AMIG-0023,0.6141631723294092
01 ammo.png,PROTECTIVE GREEN,0.9878357590375249
01 ammo.png,FS34227,0.9993812171526867
01 ammo.png,H-312,0.9986093667430002
01 ammo.png,C-312,0.9211094331274299
01 ammo.png,XF-71,0.9969079781228689
01 ammo.png,AMIG-0024,0.9998719253857283
01 ammo.png,WASHABLE WHITE CAMO,0.8106791255356051
01 ammo.png,AMIG-0025,0.9994503298975144
01 ammo.png,US MODERN VEHICLES,0.7087143100444792
01 ammo.png,FS 33446,0.997663841650618
01 ammo.png,70.819,0.8813851608496783
01 ammo.png,71.140,0.759029628760958
01 ammo.png,AMIG-0026,0.9983530016377052
01 ammo.png,SAND BROWN,0.9784971012190422
01 ammo.png,RAL 8031 F9,0.8296966087488151
01 ammo.png,H-44,0.7183285919481094
01 ammo.png,C-51,0.9969955086708069
01 ammo.png,70.977,0.8964278271974572
01 ammo.png,71.117,0.9967339059234746
01 ammo.png,AMIG-0027,0.790558028927085
01 ammo.png,GERMAN SAND BEIGE,0.9936343265326013
01 ammo.png,RAL1039 F9,0.7720156267753313
01 ammo.png,70.917,0.9015952433736053
01 ammo.png,71.244,0.9414822421830911
01 ammo.png,A.MIG-0028,0.49872517791009796
01 ammo.png,GERMAN GREY BEIGE,0.7500627124228769
01 ammo.png,RAL 1039 F7,0.8001113012291665
01 ammo.png,70.821,0.9999365864618794
01 ammo.png,71.131,0.9965885307175232
01 ammo.png,AMIG-0029,0.574951071863291
01 ammo.png,DESERT SAND,0.9999339713599511
01 ammo.png,AMIG-0030,0.7921347760865153
01 ammo.png,SAND YELLOW,0.9980242766515122
01 ammo.png,BS 381c 361,0.8734191900741684
01 ammo.png,H-459,0.9988129781128894
01 ammo.png,71.143,0.9999071424166662
01 ammo.png,AMIG-0031,0.9996565682852104
01 ammo.png,SPANISH GREEN-KHAKI,0.8627445133679151
01 ammo.png,70.314,0.9041400113456827
01 ammo.png,71.247,0.6174378958179898
01 ammo.png,AMIG-0032,0.9697520578284115
01 ammo.png,SATIN BLACK,0.9999585212657208
01 ammo.png,H-2,0.9909569374979834
01 ammo.png,C-2/C-92,0.8287702992398903
01 ammo.png,70.861,0.66936938417422
01 ammo.png,AMIG-0033,0.7736692246606197
01 ammo.png,RUBBER & TIRES,0.9547205218458851
01 ammo.png,H-77,0.9919434785842896
01 ammo.png,C-137,0.7234197474981909
01 ammo.png,70.306,0.7099767127276025
01 ammo.png,71.315,0.8672919326234704
01 ammo.png,A.MIG-0034,0.4802757781512955
01 ammo.png,RUST TRACKS,0.7214550471982935
01 ammo.png,FS 30111-BS435,0.9561346247680527
01 ammo.png,70.343,0.5600261223811168
01 ammo.png,71.080,0.9996599020843192
01 ammo.png,A.MIG-0035,0.9371014569201439
01 ammo.png,DARK TRACKS,0.9277885238396062
01 ammo.png,H-84,0.669021546546107
01 ammo.png,C-42,0.9402522525854131
01 ammo.png,70.302,0.910315368439899
01 ammo.png,71.039,0.9999046116797193
01 ammo.png,A.MIG-0036,0.5290230763101275
01 ammo.png,OLD WOOD,0.9106140978931427
01 ammo.png,71.075,0.9884474872381509
01 ammo.png,AMIG-0037,0.6807074634163388
01 ammo.png,NEW WOOD,0.9988752600257994
01 ammo.png,70.321,0.910855766507355
01 ammo.png,AMIG-0038,0.7458385701877234
01 ammo.png,LIGHT WOOD,0.9485486203115631
01 ammo.png,H-79,0.9676304459571838
01 ammo.png,C-39,0.9950904846191406
01 ammo.png,XF-78,0.9995079691238427
01 ammo.png,71.028,0.99972716449603
01 ammo.png,AMIG-0039,0.99464944183957
01 ammo.png,LIGHT RUST,0.9003694050199544
01 ammo.png,H-24,0.9988669157028198
01 ammo.png,C-58,0.998411238193512
01 ammo.png,70.911,0.9812577829951646
01 ammo.png,71.130,0.696009428234098
01 ammo.png,AMIG-0040,0.9994426983907253
01 ammo.png,MEDIUM RUST,0.9975523328338793
01 ammo.png,H-453,0.6970965524843389
01 ammo.png,70.981,0.9641475954873369
01 ammo.png,71.129,0.8190642442623026
01 ammo.png,AMIG-0041,0.7260136254805418
01 ammo.png,DARK RUST,0.8239280743004955
01 ammo.png,70.818,0.9999926999457116
01 ammo.png,AMIG-0042,0.8343524438329658
01 ammo.png,OLD RUST,0.8489478332618848
01 ammo.png,70.859,0.9983674095616273
01 ammo.png,71.040,0.8341230409210164
01 ammo.png,AMIG-0043,0.9446448541350344
01 ammo.png,SHADOW RUST,0.9995836876084951
01 ammo.png,70.307,0.8174955884405318
01 ammo.png,AMIG-0044,0.7577623055307734
01 ammo.png,CHIPPING,0.791800338909001
01 ammo.png,70.304,0.9998649957252502
01 ammo.png,AMIG-0045,0.9998250328457698
01 ammo.png,GUN METAL,0.997061059016307
01 ammo.png,FS37200-RAL 9007-RLM 03,0.7269960729270392
01 ammo.png,70.863,0.999996544642463
01 ammo.png,71.072,0.6449830171456483
01 ammo.png,AMIG-0046,0.9912040508527584
01 ammo.png,MATT BLACK,0.6664357215690787
01 ammo.png,FS37038-RAL 9005-RLM 22-MS17,0.7130936973873312
01 ammo.png,H-12,0.9269148979642498
01 ammo.png,C-33,0.5605113710865662
01 ammo.png,XF-1,0.9991646409034729
01 ammo.png,70.950,0.9997998281727575
01 ammo.png,71.057,0.9995685503550158
01 ammo.png,AMIG-0047,0.7372232828436324
01 ammo.png,SATIN WHITE,0.9188527160880164
01 ammo.png,H-1,0.9886117018595141
01 ammo.png,C-1,0.882998526096344
01 ammo.png,70.842,0.8086323363935116
01 ammo.png,AMIG-0048,0.7682802772652196
01 ammo.png,YELLOW,0.9972610055910605
01 ammo.png,RAL 1023,0.9988478938122645
01 ammo.png,H-4,0.8290835022926331
01 ammo.png,C-4,0.8868089914321899
01 ammo.png,XF-3,0.9992234110832214
01 ammo.png,70.915,0.99835908444221
01 ammo.png,71.002,0.9993809615021693
02 ammo.png,REFERENCE,0.9997761919041003
02 ammo.png,COLOR NAME,0.9966015116211506
02 ammo.png,RALZRLM/FS,0.5248401383908357
02 ammo.png,HOBBY COLOR,0.9591088213002052
02 ammo.png,MR.COLOR,0.9197842763343624
02 ammo.png,TAMIYA,0.9990565390424985
02 ammo.png,MODEL COLOR,0.9744054875339978
02 ammo.png,MODEL AIR,0.9113016245723713
02 ammo.png,H-3/ H-13/H-23,0.47522138042508244
02 ammo.png,AMIG-0049,0.7396265740647832
02 ammo.png,RED,0.9999702674365611
02 ammo.png,FS31302-RAL 3020-RLM 23,0.8219600189317806
02 ammo.png,C3/C79/C-114,0.6018471790732278
02 ammo.png,XF-7,0.9940908551216125
02 ammo.png,70.909,0.9991321342681989
02 ammo.png,71.003,0.9998431435306098
02 ammo.png,IH-414,0.5811582575032103
02 ammo.png,AMIG-0050,0.8302244846223612
02 ammo.png,MATT WHITE,0.994398307135351
02 ammo.png,FS37925-RAL 9016-RLM 21,0.7776445258965421
02 ammo.png,H-11/H-451,0.9935759531991588
02 ammo.png,C-62,0.6616896284650601
02 ammo.png,XF-2,0.441114122882176
02 ammo.png,70.951,0.9998547266671952
02 ammo.png,71.001,0.9997763695669429
02 ammo.png,AMIG-0051,0.7966877115220083
02 ammo.png,MEDIUM LIGHT GREEN,0.7605601098827115
02 ammo.png,70.336,0.9272037153889652
02 ammo.png,AMIG-0052,0.9993508056343224
02 ammo.png,DEEP GREEN,0.9987878313750205
02 ammo.png,70.970,0.9956818704437526
02 ammo.png,71.007,0.992034342391675
02 ammo.png,AMIG-0053,0.9992243542693378
02 ammo.png,PROTECTIVE MC 1200,0.9340903688352963
02 ammo.png,XF-70,0.9846466617808644
02 ammo.png,AMIG-0054,0.9986151827164381
02 ammo.png,SIGNAL GREEN,0.9974111112076368
02 ammo.png,H-26,0.9614471197128296
02 ammo.png,C-66,0.9814080339543728
02 ammo.png,AMIG-0055,0.9849217582970281
02 ammo.png,OIL OCHRE,0.9537360368137494
02 ammo.png,70.916,0.9625319998491026
02 ammo.png,71.033,0.822392591391548
02 ammo.png,AMIG-0056,0.9933121715900789
02 ammo.png,GREEN KHAKI,0.9991490859997271
02 ammo.png,KHS-5146-RLM 83,0.7259739368505157
02 ammo.png,H-423,0.9917805677059915
02 ammo.png,C-123,0.9895793068357693
02 ammo.png,XF-51,0.9990435817628225
02 ammo.png,70.318,0.9987694324029835
02 ammo.png,71.011,0.9888897678752958
02 ammo.png,AMIG-0057,0.9435494318687649
02 ammo.png,YELLOW GREY,0.9983738250034105
02 ammo.png,PKHV-4,0.9714564634462598
02 ammo.png,71.326,0.9970198551701542
02 ammo.png,AMIG-0058,0.999619169532482
02 ammo.png,LIGHT GREEN KHAKI,0.9920744677013831
02 ammo.png,PKHV-512,0.9696391409956833
02 ammo.png,AMIG-0059,0.9431849713451788
02 ammo.png,GREY,0.7874195669213288
02 ammo.png,FS36251-KHV-16,0.991918953817082
02 ammo.png,H-22,0.9850786301035132
02 ammo.png,71.050,0.997953861081469
02 ammo.png,AMIG-0060,0.9952306658878034
02 ammo.png,PALE GREEN,0.9553236250201474
02 ammo.png,XF-5,0.9992998838424683
02 ammo.png,70.967,0.7947146799578992
02 ammo.png,71.006,0.9889740794681402
02 ammo.png,AMIG-0061,0.6726519400826382
02 ammo.png,WARM SAND-YELLOW,0.9996745354782713
02 ammo.png,71.074,0.8668727631540004
02 ammo.png,A.MIG-0062,0.597242107790374
02 ammo.png,FRENCH BLUE,0.91245242356399
02 ammo.png,H-42,0.974383792860287
02 ammo.png,C-72,0.9653271436691284
02 ammo.png,XF-18,0.99939675306981
02 ammo.png,70.900,0.9996993251841599
02 ammo.png,71.113,0.9807555882598474
02 ammo.png,AMIG-0063,0.698323562435987
02 ammo.png,PALE GREY,0.9924599515017043
02 ammo.png,FS36480-RLM 76,0.809142854492935
02 ammo.png,H-417,0.9997841902144683
02 ammo.png,C-117,0.9442220312804335
02 ammo.png,XF-23,0.6267418456819428
02 ammo.png,70.907,0.9233027958336625
02 ammo.png,71.257,0.9325218394501691
02 ammo.png,AMIG-0064,0.9995007400887522
02 ammo.png,EARTH BROWN,0.9991934365411773
02 ammo.png,70.303,0.9862234107529187
02 ammo.png,71.037,0.9500284848952446
02 ammo.png,AMIG-0065,0.9967853207665303
02 ammo.png,FOREST GREEN,0.7246886609979966
02 ammo.png,FS34102-RLM 62,0.9843669212787138
02 ammo.png,H-303,0.9986725334121612
02 ammo.png,C-303,0.9923751722360867
02 ammo.png,XF-58,0.9989741613944736
02 ammo.png,70.348,0.854004875284596
02 ammo.png,AMIG-0066,0.975740400636079
02 ammo.png,FADED SINAI GREY,0.8493643117502063
02 ammo.png,71.142,0.658592647881877
02 ammo.png,AMIG-0067,0.9983800445059813
02 ammo.png,LIGHT SAND GREY,0.9964680286414072
02 ammo.png,AMIG-0068,0.999360061615345
02 ammo.png,IDF GREEN,0.9851261435174986
02 ammo.png,AMIG-0069,0.9814778428107936
02 ammo.png,BLUE GREEN,0.995804332833526
02 ammo.png,H-36 /H-5g,0.6778062559434571
02 ammo.png,C-15,0.9765781760215759
02 ammo.png,XF-11,0.9993471692191964
02 ammo.png,AMIG-0070,0.9969282390747802
02 ammo.png,MEDIUM BROWN,0.9639537140158819
02 ammo.png,BS 450,0.9960250167977284
02 ammo.png,H-341,0.7619859809534671
02 ammo.png,70.312,0.657283099855693
02 ammo.png,71.035,0.7932619695489541
02 ammo.png,AMIG-0071,0.9972551097792522
02 ammo.png,KHAKI,0.9977538801154627
02 ammo.png,H-404,0.9992538121704481
02 ammo.png,XF-49,0.8914424628941995
02 ammo.png,70.339,0.9897076724457785
02 ammo.png,71.136,0.990646456747039
02 ammo.png,AMIG-0072,0.9993044575556305
02 ammo.png,DUST,0.9996562004089355
02 ammo.png,XF-55,0.9995805839950714
02 ammo.png,70.315,0.999650070590172
02 ammo.png,AMIG-0073,0.9991810577191802
02 ammo.png,EARTH,0.999924776412879
02 ammo.png,H-457,0.6663360435595062
02 ammo.png,XF-52,0.9992273137228941
02 ammo.png,70.874,0.7649858844540519
02 ammo.png,71.024,0.6659553710405882
02 ammo.png,AMIG-0074,0.8703052864667238
02 ammo.png,GREEN MOSS,0.9429773927910403
02 ammo.png,70.328,0.9658756849227215
02 ammo.png,71.010,0.9564095743167949
02 ammo.png,AMIG-0075,0.9978364523034305
02 ammo.png,STONE GREY,0.9824038695403842
02 ammo.png,XF-80,0.9995516340880072
02 ammo.png,AMIG-0076,0.9995500932698536
02 ammo.png,BROWN SOIL,0.9735489787667085
02 ammo.png,H-456,0.5894375843672472
02 ammo.png,AMIG-0077,0.9512020378695165
02 ammo.png,DULL GREEN,0.8567903944227234
02 ammo.png,71.267,0.9775356146757914
02 ammo.png,AMIG-0078,0.987395696450835
02 ammo.png,OCHRE EARTH,0.9996486693882326
02 ammo.png,70.927,0.8968639012183417
02 ammo.png,AMIG-0079,0.6810403610690473
02 ammo.png,CLAY BROWN,0.9718240040560454
02 ammo.png,H-37,0.9808154714795689
02 ammo.png,C-43,0.5449730246420968
02 ammo.png,71.034,0.762790887750476
02 ammo.png,AMIG-0080,0.9972263804136996
02 ammo.png,BRIGHT GREEN AMT-4,0.6479790527137607
02 ammo.png,71.301,0.939803116262821
02 ammo.png,AMIG-0081,0.9983877198415736
02 ammo.png,US OLIVE DRAB VIETNAM ERA,0.9735785286051889
02 ammo.png,FS 24087,0.6237553169528657
02 ammo.png,H-304 /H-405,0.6542113365121172
02 ammo.png,C-304,0.4668228113601559
02 ammo.png,XF-73,0.9984719347333313
02 ammo.png,71.289,0.9048291787287048
02 ammo.png,AMIG-0082,0.9998863108428311
02 ammo.png,APC INTERIOR LIGHT GREEN,0.9525802267621953
02 ammo.png,70.331,0.9188665074970029
02 ammo.png,AMIG-0083,0.9998942585648064
02 ammo.png,ZASHCHITNIY ZELENO (RUSSIAN POSTWAR GREEN),0.9546764228953346
02 ammo.png,XB 518,0.9999836965289276
02 ammo.png,H-320,0.6662496701942756
02 ammo.png,C-320,0.9798487398555977
02 ammo.png,70.326,0.9989063183135323
02 ammo.png,71.285,0.6713871193336709
02 ammo.png,AMIG-0084,0.9451149600987481
02 ammo.png,NATO GREEN,0.9983889683544441
02 ammo.png,H-80,0.7147454938739376
02 ammo.png,C-54,0.9606168270111084
02 ammo.png,XF-67,0.6881491341727866
02 ammo.png,71.093,0.68931704760318
02 ammo.png,AMIG-0085,0.8120947241390026
02 ammo.png,NATO BROWN,0.8765381454363926
02 ammo.png,FS 30051-RAL 8027,0.9739576637615688
02 ammo.png,XF-68,0.9992274418064448
02 ammo.png,70.871,0.9873456682694541
02 ammo.png,71.249,0.5722585494637557
02 ammo.png,AMIG-0086,0.999103287135796
02 ammo.png,BLUE,0.8597250208821222
02 ammo.png,RAL 5019,0.9995256497168115
02 ammo.png,H-323,0.9829346072560571
02 ammo.png,C-323,0.7477886084947256
02 ammo.png,70.844,0.6987640283088257
02 ammo.png,71.089,0.7432161460128556
02 ammo.png,AMIG-0087,0.9998108456487886
02 ammo.png,GELBOLIV,0.9995020257687027
02 ammo.png,RAL 6014,0.9986722829644388
02 ammo.png,70.877,0.9558178575277412
02 ammo.png,71.012,0.9991922050727288
02 ammo.png,AMIG-0088,0.6626105531693042
02 ammo.png,KHAKI BROWN,0.9280770161701397
02 ammo.png,70.860,0.9979303414569805
02 ammo.png,71.077,0.9467449359691077
02 ammo.png,AMIG-0089,0.9932824507387017
02 ammo.png,MATT VARNISH,0.9915944605078381
02 ammo.png,H-20,0.9916813373565674
02 ammo.png,C-182,0.9963838731529012
02 ammo.png,70.520,0.7100243287092577
02 ammo.png,AMIG-0090,0.6883828820760538
02 ammo.png,SATIN VARNISH,0.9998824895925397
02 ammo.png,70.522,0.9420135991030981
02 ammo.png,AMIG-0091,0.9980638984413672
02 ammo.png,GLOSSY VARNISH,0.9999183717204033
02 ammo.png,H-30,0.9016206034494181
02 ammo.png,C-46,0.9801581501960754
02 ammo.png,70.510,0.9912726978648229
02 ammo.png,AMIG-0092,0.9848521970710188
02 ammo.png,CRYSTAL GREEN,0.679733822877349
02 ammo.png,H-94,0.5527550750787886
02 ammo.png,C-138,0.5762944483548328
02 ammo.png,AMIG-0093,0.8039849825138408
02 ammo.png,CRYSTAL RED,0.9995165528536909
02 ammo.png,H-90,0.8824178576469421
02 ammo.png,C-47,0.9966246485710144
02 ammo.png,70.934,0.9201201314228333
02 ammo.png,AMIG-0094,0.9482233634472788
02 ammo.png,CRYSTAL GLASS,0.9973657545075959
02 ammo.png,AMIG-0095,0.9974135671725649
02 ammo.png,CRYSTAL SMOKE,0.9883658431648153
02 ammo.png,H-95,0.6151892796816457
02 ammo.png,C-101,0.9614569314432196
02 ammo.png,AMIG-0096,0.6644307719934831
02 ammo.png,CRYSTAL GREEN PERISCOPE  (AND TAIL LIGHT ON),0.6457280267557893
02 ammo.png,70.936,0.9666722341826566
03 ammo.png,REFERENCE,0.9996982585250227
03 ammo.png,COLOR NAME,0.9991615211139642
03 ammo.png,RALZRLM/FS,0.4677690122221647
03 ammo.png,HOBBY COLOR,0.9583916180626183
03 ammo.png,MR.COLOR,0.9239561345738789
03 ammo.png,TAMIYA,0.9982597660247347
03 ammo.png,MODEL COLOR,0.9186704841425548
03 ammo.png,MODEL AIR,0.9989708578383139
03 ammo.png,A.MIG-0097,0.8744134838308384
03 ammo.png,CRYSTAL ORANGE,0.9998072708665847
03 ammo.png,H-92,0.670442224347601
03 ammo.png,C-49,0.552007437081608
03 ammo.png,70.935,0.6523274987197722
03 ammo.png,A.MIG-0098,0.7525394763528046
03 ammo.png,CRYSTAL LIGHT BLUE,0.872586480938765
03 ammo.png,H-93,0.7416045507318061
03 ammo.png,C-50,0.9523569941520691
03 ammo.png,A.MIG-009g,0.6690285052475838
03 ammo.png,CRYSTAL BLACK BLUE (AND TAIL LIGHT OFF),0.7817248055219711
03 ammo.png,70.938,0.9950587701564093
03 ammo.png,A.MIG-0102,0.6829756860770184
03 ammo.png,OCHRE BROWN,0.9982083635138111
03 ammo.png,70.856,0.8602438696004719
03 ammo.png,AMIG-0103,0.6458473059206868
03 ammo.png,MEDIUM BLUE,0.9996798126458339
03 ammo.png,H-15,0.9918311238288879
03 ammo.png,C-65,0.8350140397819258
03 ammo.png,70.839,0.9998467936819478
03 ammo.png,AMIG-0104,0.9987730058308705
03 ammo.png,WASHABLE BLACK,0.9987832005045366
03 ammo.png,A.MIG-0105,0.9347725360286184
03 ammo.png,WASHABLE DUST,0.6967945286709188
03 ammo.png,RAL 8000,0.9869007299342855
03 ammo.png,A.MIG-0106,0.6538194809957324
03 ammo.png,WASHABLE SAND,0.9994895208285252
03 ammo.png,RAL 8020,0.9250774270897547
03 ammo.png,A.MIG-0107,0.6852633591883152
03 ammo.png,WASHABLE EARTH,0.997181784475108
03 ammo.png,A.MIG-0108,0.8319048108876687
03 ammo.png,WASHABLE MUD,0.9952715527419322
03 ammo.png,A.MIG-010g,0.43020721811484
03 ammo.png,WASHABLE RUST,0.9826447749880443
03 ammo.png,AMIG-0110,0.6855820474195868
03 ammo.png,(BRITISH BROWN 1941-42),0.9266647069844672
03 ammo.png,SCC 1A-RLM 61,0.8176320371637548
03 ammo.png,H-462,0.91412663220362
03 ammo.png,71.042,0.9772132928909355
03 ammo.png,AMIG-0111,0.9982694448143596
03 ammo.png,(BRITISH 1941-42 SERVICE DRAB),0.6712163735539706
03 ammo.png,SCC 2,0.9995265423415223
03 ammo.png,H-72,0.8795889961824213
03 ammo.png,C-22,0.9870413541793823
03 ammo.png,XF-72,0.9970578916548462
03 ammo.png,70.921,0.9938567524191995
03 ammo.png,71.290,0.5564444191369399
03 ammo.png,AMIG-0112,0.9997132016214602
03 ammo.png,(BRITISH 1944-45 OLIVE DRAB),0.812375805170091
03 ammo.png,SCC 15,0.6289994184676143
03 ammo.png,70.892,0.9954876259116285
03 ammo.png,71.250,0.8627721573840701
03 ammo.png,AMIG-0113,0.6671950270974423
03 ammo.png,"KHAKI GREEN N""3 (BRITISH 1939-42)",0.43163606871648297
03 ammo.png,70.988,0.9999440812786393
03 ammo.png,71.023,0.9998298082855978
03 ammo.png,A.MIG-0114,0.7535319550533232
03 ammo.png,ZIMMERIT OCHRE COLOR,0.7750814812539955
03 ammo.png,71.246,0.7802858994763773
03 ammo.png,A.MIG-0115,0.6002400322592851
03 ammo.png,LIGHT SKIN TONE,0.9299310498570401
03 ammo.png,XF-15,0.9863338340117285
03 ammo.png,70.837,0.7807501826617199
03 ammo.png,71.076,0.999057415234062
03 ammo.png,A.MIG-0116,0.961599240011896
03 ammo.png,BASIC SKIN TONE,0.8164285842975697
03 ammo.png,FS31670,0.9997144163505939
03 ammo.png,70.928,0.8487949414818038
03 ammo.png,A.MIG-0117,0.8853570887635146
03 ammo.png,WARM SKIN TONE,0.9953480707981159
03 ammo.png,70.815,0.8317517808872774
03 ammo.png,A.MIG-0118,0.6729492509730661
03 ammo.png,BURNT SAND,0.9235901774346856
03 ammo.png,AMIG-0119,0.65276249414285
03 ammo.png,COLD GRAY,0.7220135650843101
03 ammo.png,FS17865,0.9817085405613026
03 ammo.png,70.993,0.628125634955448
03 ammo.png,71.279,0.9823167877297145
03 ammo.png,A.MIG-0120,0.5539689431877561
03 ammo.png,LIGHT BROWN-GRAY,0.9979982227667419
03 ammo.png,A.MIG-0121,0.64577348237496
03 ammo.png,BLOOD RED,0.6787648908274166
03 ammo.png,FSI1136-RAL 3002,0.8384989381937352
03 ammo.png,H-327,0.929419917739685
03 ammo.png,C-327,0.7651626201957826
03 ammo.png,70.908,0.977312112836205
03 ammo.png,71.084,0.9132388771724728
03 ammo.png,AMIG-0122,0.9992091569753361
03 ammo.png,BONE,0.9994106888771057
03 ammo.png,70.847,0.6442673365943689
03 ammo.png,71.288,0.9004251562746529
03 ammo.png,AMIG-0123,0.9978170892623361
03 ammo.png,MARINE BLUE,0.9960458930149071
03 ammo.png,XF-8,0.9992009401321411
03 ammo.png,70.930,0.5911268127734649
03 ammo.png,71.004,0.8698527862891444
03 ammo.png,A.MIG-0124,0.8659775439757642
03 ammo.png,LIME GREEN,0.999902398955129
03 ammo.png,71.094,0.8102328449318653
03 ammo.png,A.MIG-0125,0.6595915747603298
03 ammo.png,GOLD YELLOW,0.9943829042250304
03 ammo.png,FS33655-RAL 1003-RLM 04,0.8576497238804853
03 ammo.png,H-413,0.9957892842705491
03 ammo.png,C-113,0.8800314762091753
03 ammo.png,70.953,0.904535258515587
03 ammo.png,71.078,0.9771266484732213
03 ammo.png,A.MIG-0126,0.709939458282427
03 ammo.png,VIOLET,0.9990759612483091
03 ammo.png,H-49,0.956489230994817
03 ammo.png,70.960,0.6413902010095185
03 ammo.png,A.MIG-0127,0.8073344999693014
03 ammo.png,PURPLE,0.9996821445428641
03 ammo.png,FS37142-RAL 4008,0.8911635757729827
03 ammo.png,H-39,0.967140873371085
03 ammo.png,C-67,0.99504554271698
03 ammo.png,70.959,0.9929772948329862
03 ammo.png,A.MIG-0128,0.9765113117838978
03 ammo.png,CYAN,0.9999569654464722
03 ammo.png,A.MIG-0129,0.8936293180640437
03 ammo.png,ORANGE,0.9998235786683901
03 ammo.png,FS32246,0.9952833284356035
03 ammo.png,H-14,0.9871359467506409
03 ammo.png,C-59,0.9904563426971436
03 ammo.png,70.956,0.9401975805682619
03 ammo.png,71.083,0.9736073109169977
03 ammo.png,AMIG-0130,0.6168640580524066
03 ammo.png,FADED YELLOW,0.995788824857385
03 ammo.png,H-318,0.9943596273691386
03 ammo.png,C-318,0.968065478932024
03 ammo.png,AMIG-0131,0.6933738671353666
03 ammo.png,REAL IDF SINAI GREY 82,0.6762177887235259
03 ammo.png,71.142,0.9905461248761291
03 ammo.png,AMIG-0132,0.8331597393535386
03 ammo.png,REAL IDF SAND GREY 73,0.8088479946176647
03 ammo.png,H-85,0.8207691871381669
03 ammo.png,C-45,0.6554760306803002
03 ammo.png,71.141,0.9961545294321151
03 ammo.png,AMIG-0133,0.73678914265087
03 ammo.png,RED LEATHER,0.6140721176731978
03 ammo.png,70.301,0.9146164827409189
03 ammo.png,71.105,0.6434851605167093
03 ammo.png,A.MIG-0134,0.5973896433837257
03 ammo.png,BURNT BROWN RED,0.7972846006969622
03 ammo.png,70.984,0.992334154101378
03 ammo.png,71.036,0.5839271021782522
03 ammo.png,AMIG-0135,0.7903892098781125
03 ammo.png,CINNAMON,0.9995456985182224
03 ammo.png,71.112,0.9855365629871299
03 ammo.png,A.MIG-0138,0.9156821212951125
03 ammo.png,DESERT YELLOW,0.9982877126393258
03 ammo.png,FS20400,0.6152602143446771
03 ammo.png,70.912,0.9985105765601161
03 ammo.png,71.291,0.9051247722332513
03 ammo.png,A.MIG-0139,0.9761377330799538
03 ammo.png,RED EARTH,0.6588966107234123
03 ammo.png,H-463,0.8302146662844466
03 ammo.png,71.293,0.8067652494254401
03 ammo.png,A.MIG-0187,0.6994786553681421
03 ammo.png,JET EXHAUST BURNT IRON,0.9440605656519339
03 ammo.png,H-76,0.6249536275863647
03 ammo.png,C-61,0.9895580410957336
03 ammo.png,XF-84,0.9997757133838923
03 ammo.png,71.073,0.8877007320568826
03 ammo.png,AMIG-0188,0.7229574246467636
03 ammo.png,METALLIC RED,0.9996924127127171
03 ammo.png,H-87,0.9215745187535075
03 ammo.png,C-75,0.9480429887771606
03 ammo.png,71.070,0.865481850725581
03 ammo.png,A.MIG-0189,0.8576050922753156
03 ammo.png,METALLIC ORANGE,0.9999267417862515
03 ammo.png,AMIG-0190,0.9838960778890387
03 ammo.png,OLD BRASS,0.9883095461711159
03 ammo.png,70.801,0.9999695343607948
03 ammo.png,AMIG-0191,0.9991013971555035
03 ammo.png,STEEL,0.9998318522359899
03 ammo.png,RAL 9006,0.7138685781246611
03 ammo.png,H-18,0.9574400782585144
03 ammo.png,C-28,0.9951749444007874
03 ammo.png,70.864,0.8585898373663785
03 ammo.png,71.065,0.9681320509113109
03 ammo.png,AMIG-0192,0.9996031128926361
03 ammo.png,POLISHED METAL,0.9991113894909259
03 ammo.png,XF-56,0.9983385279932471
03 ammo.png,70.865,0.9989704594475735
03 ammo.png,AMIG-0193,0.6874177357044668
03 ammo.png,BLUISH TITANIUM,0.8983462576599659
03 ammo.png,AMIG-0194,0.6630866050499344
03 ammo.png,MATT ALUMINUM,0.9423582601177234
03 ammo.png,XF-16,0.999501304732218
03 ammo.png,71.062,0.9711002834031922
03 ammo.png,A.MIG-0195,0.9097827822374105
03 ammo.png,SILVER,0.9663007744814041
03 ammo.png,FS 17178-RLM 01,0.6414911526816697
03 ammo.png,H-8,0.6352787017822266
03 ammo.png,C-8 / C-90,0.4707104558430181
03 ammo.png,70.997,0.9181231179386153
03 ammo.png,71.063,0.9898361153163712
04 ammo.png,REFERENCE,0.9751767430055278
04 ammo.png,COLOR NAME,0.9978189609854873
04 ammo.png,RAL/RLWFS,0.6019010204759685
04 ammo.png,HOBBY COLOR,0.9856537712176809
04 ammo.png,MR.COLOR,0.8305806668460927
04 ammo.png,TAMIYA,0.9983220837226968
04 ammo.png,MODEL COLOR,0.8565236372597597
04 ammo.png,MODEL AIR,0.9981064786919444
04 ammo.png,AMIG-0196,0.9920406379185659
04 ammo.png,WARHEAD METALLIC BLUE,0.9249434452445072
04 ammo.png,H-88,0.7839077361988412
04 ammo.png,C-76,0.9779733623209119
04 ammo.png,AMIG-0197,0.897765897489677
04 ammo.png,BRASS,0.9648421179689775
04 ammo.png,71.067,0.9977540010656673
04 ammo.png,AMIG-0198,0.754865581712943
04 ammo.png,GOLD,0.9998998641967773
04 ammo.png,FS 17043,0.9990106518210067
04 ammo.png,H-9,0.9583345055580139
04 ammo.png,C-9,0.7767149806022644
04 ammo.png,70.996,0.9997454643683662
04 ammo.png,71.066,0.999653574887608
04 ammo.png,AMIG-019g,0.8303218099840095
04 ammo.png,COPPER,0.9994146922913484
04 ammo.png,H-10,0.5458086610366755
04 ammo.png,C-10,0.7556260228157043
04 ammo.png,XF-6,0.7647600812691114
04 ammo.png,70.999,0.886460248204934
04 ammo.png,71.068,0.9835491356380434
04 ammo.png,AMIG-0200,0.8061540506191294
04 ammo.png,MIDDLESTONE,0.9992708300004006
04 ammo.png,FS 33531,0.7943001391159425
04 ammo.png,H-313,0.999874182710334
04 ammo.png,C-313,0.9972476396531361
04 ammo.png,A.MIG-0201,0.6434356219008576
04 ammo.png,LIGHT GRAY GREEN,0.9777783125414349
04 ammo.png,FS 34424,0.9355842402837006
04 ammo.png,H-31,0.9483873162193489
04 ammo.png,70.885,0.99923880568963
04 ammo.png,AMIG-0202,0.7924910008767663
04 ammo.png,TAN,0.9998784551294416
04 ammo.png,FS 30219,0.9057168080142473
04 ammo.png,H-310,0.9995839961322942
04 ammo.png,C-310,0.9812175529686247
04 ammo.png,XF-59,0.9447283795463909
04 ammo.png,70.843,0.7048156955854427
04 ammo.png,71.125,0.7115940508588602
04 ammo.png,A.MIG-0203,0.8987080723823279
04 ammo.png,LIGHT COMPASS GHOST GRAY,0.6332908600186342
04 ammo.png,FS 36375-RALZOOI,0.5263802445606396
04 ammo.png,H-308,0.9994165332130641
04 ammo.png,C-308,0.9884133198500697
04 ammo.png,70.990,0.9878397979171034
04 ammo.png,A.MIG-0204,0.7453544282989535
04 ammo.png,MEDIUM GUNSHIP GRAY,0.8162168283545896
04 ammo.png,FS 36118,0.9998844033848568
04 ammo.png,H-305,0.9973068883657782
04 ammo.png,C-305,0.9834534126777518
04 ammo.png,XF-77,0.7391065669640297
04 ammo.png,70.868,0.9391127328900054
04 ammo.png,71.047,0.9271146521709603
04 ammo.png,A.MIG-0205,0.7812416783569822
04 ammo.png,(BS 638),0.999955618960581
04 ammo.png,FS 26231,0.7299981148994665
04 ammo.png,H-317,0.9774664875342867
04 ammo.png,H-331,0.965857589682957
04 ammo.png,C-317 /C-331,0.5567909171678338
04 ammo.png,70.991,0.9939824775540659
04 ammo.png,71.051,0.9750312106236579
04 ammo.png,A.MIG-0206,0.8104381754457218
04 ammo.png,(BS 641),0.9490723246144943
04 ammo.png,FS 34079-RLM 81,0.8076256060757646
04 ammo.png,H-309 / H-330,0.5252008769065788
04 ammo.png,C-309,0.6940361858272224
04 ammo.png,C-330,0.9675760011574996
04 ammo.png,70.893,0.9999698263647167
04 ammo.png,71.294,0.6337640494079783
04 ammo.png,AMIG-0207,0.99872067374907
04 ammo.png,(BS 626),0.9999726465403559
04 ammo.png,FS 36314,0.9526619627368744
04 ammo.png,H-334,0.999792453783279
04 ammo.png,C-334,0.6059941614961318
04 ammo.png,XF-19,0.9991308096212438
04 ammo.png,70.989,0.9030843065280713
04 ammo.png,71.046,0.4814449418798217
04 ammo.png,AMIG-0208,0.6612449182229616
04 ammo.png,DARK COMPASS GHOST GRAY,0.7445901423893073
04 ammo.png,FS 36320,0.7647562741149256
04 ammo.png,H-307,0.854165402708814
04 ammo.png,C-307,0.9953556219247078
04 ammo.png,71.120,0.9999582435277891
04 ammo.png,AMIG-0209,0.7045932648371767
04 ammo.png,LIGHT GRAY,0.995123767966814
04 ammo.png,FS 36495,0.9988732781995028
04 ammo.png,H-51 /H-338,0.9942558524743254
04 ammo.png,C-11 /C-338,0.9869616157399336
04 ammo.png,71.276,0.5869976573663738
04 ammo.png,AMIG-0210,0.9997078761690488
04 ammo.png,BLUE GRAY AMT-11,0.9487839991506065
04 ammo.png,FS 35237,0.647143790271033
04 ammo.png,H-337,0.9086841531864494
04 ammo.png,C-337,0.9898635689203952
04 ammo.png,70.905,0.7712902812273852
04 ammo.png,71.304,0.997046283842478
04 ammo.png,A.MIG-0211,0.9024906639841104
04 ammo.png,MEDIUM GRAY,0.6961492095644507
04 ammo.png,FS 36270,0.9538523679917565
04 ammo.png,H-306,0.828347264739806
04 ammo.png,C-306,0.9723832970286903
04 ammo.png,71.275,0.7646693633925503
04 ammo.png,A.MIG-0212,0.8610907327960532
04 ammo.png,SILVER GREY,0.9800369839986719
04 ammo.png,FS 26373-BS 627,0.9786466757310904
04 ammo.png,H-332,0.6023975943835268
04 ammo.png,C-332,0.9981902902004693
04 ammo.png,71.119,0.9996760120599286
04 ammo.png,AMIG-0213,0.8965025654634118
04 ammo.png,GREEN,0.9999374647756092
04 ammo.png,FS 24277,0.6954007797131775
04 ammo.png,71.305,0.9555178800624171
04 ammo.png,A.MIG-0217,0.8516762316882277
04 ammo.png,GREEN SLATE,0.9995081531420655
04 ammo.png,RAL 7002-RLM 02,0.776857265945617
04 ammo.png,H-70,0.9910174608230591
04 ammo.png,C-60,0.8772271798731632
04 ammo.png,XF-22,0.9989127916084819
04 ammo.png,70.886,0.9998971654645841
04 ammo.png,71.044,0.9302435499347038
04 ammo.png,A.MIG-0218,0.8097475907848284
04 ammo.png,SCHWARTZGRAU,0.6971851888127377
04 ammo.png,RLM66,0.9832049125711224
04 ammo.png,H-416,0.9996752169786944
04 ammo.png,C-116,0.6506540327517986
04 ammo.png,XF-63,0.9992804704846959
04 ammo.png,70.866,0.9270327706637397
04 ammo.png,71.055,0.8362560912317384
04 ammo.png,AMIG-0219,0.9996596682566958
04 ammo.png,INTERIOR GREEN,0.9299045918347288
04 ammo.png,FS 34226,0.9989452458683643
04 ammo.png,BS283,0.9979506513807688
04 ammo.png,A.MIG-0220,0.8065278005738302
04 ammo.png,ZINC CHROMATE GREEN (INTERIOR GREEN),0.8544313708467938
04 ammo.png,FS 34151,0.9869608079296771
04 ammo.png,H-464,0.9960404432856106
04 ammo.png,70.850,0.7941493289487764
04 ammo.png,71.137,0.8804588312400359
04 ammo.png,AMIG-0221,0.8165679945149964
04 ammo.png,ZINC CHROMATE YELLOW,0.962788926169115
04 ammo.png,FS 33481,0.9797048472964283
04 ammo.png,H-58,0.9977972507476807
04 ammo.png,C-27,0.9978570938110352
04 ammo.png,XF-4,0.5987327362980859
04 ammo.png,71.107,0.9999147832867908
04 ammo.png,AMIG-0222,0.8843390483572408
04 ammo.png,SANDGELB,0.9999033131933751
04 ammo.png,RLM 79,0.9903622253064033
04 ammo.png,H-66,0.9790737628936768
04 ammo.png,C-119,0.6649039998755922
04 ammo.png,70.876,0.7069620491268038
04 ammo.png,71.278,0.9748725814667918
04 ammo.png,AMIG-0223,0.8539786647301755
04 ammo.png,INTERIOR TURQUOISE GREEN,0.8462776172113948
04 ammo.png,H-46,0.48493331286735936
04 ammo.png,70.838,0.9999797058194448
04 ammo.png,AMIG-0224,0.9051928705138516
04 ammo.png,SKY LINE BLUE AIl,0.5166163406510123
04 ammo.png,FS 35260,0.9929899242787599
04 ammo.png,H-45,0.9916974902153015
04 ammo.png,70.961,0.9997764647695292
04 ammo.png,71.317,0.9638765892665498
04 ammo.png,AMIG-0226,0.9994769460315948
04 ammo.png,GRAY,0.9998511672019958
04 ammo.png,FS 36622,0.5794551585751758
04 ammo.png,H-311,0.9996874258894304
04 ammo.png,C-311,0.954563623774268
04 ammo.png,70.883,0.9999626235957187
04 ammo.png,71.296,0.547620973453368
04 ammo.png,A.MIG-0227,0.8625798186209882
04 ammo.png,SEA BLUE,0.9947412753949058
04 ammo.png,FS 25042,0.9906437354446607
04 ammo.png,ANA 606,0.9325938076715303
04 ammo.png,H-54,0.9986808896064758
04 ammo.png,C-14,0.9907629489898682
04 ammo.png,XF-50,0.9953240438062285
04 ammo.png,70.898,0.9999041249993722
04 ammo.png,71.005,0.6172017469389323
04 ammo.png,A.MIG-0228,0.7982351890138066
04 ammo.png,INTERMEDIATE BLUE,0.825385357162546
04 ammo.png,FS 35164-RAL 7031-ANA 608,0.882592336191494
04 ammo.png,H-56,0.993457019329071
04 ammo.png,XF-66,0.5679547775855948
04 ammo.png,70.903,0.9979656925891082
04 ammo.png,71.299,0.9990969410294231
04 ammo.png,A.MIG-0229,0.6030554333155498
04 ammo.png,DARK GRAY BLUE,0.9537074701268438
04 ammo.png,FS 15102,0.9999385912607037
04 ammo.png,AMIG-0230,0.8812552715937887
04 ammo.png,CAMO GREEN,0.9985903798921111
04 ammo.png,FS34095-RAL 6020-RLM 82,0.9941755502983741
04 ammo.png,H-422,0.9998027965612696
04 ammo.png,C-122,0.9941056809090718
04 ammo.png,70.823,0.8885988488061526
04 ammo.png,71.022,0.6423247174594527
04 ammo.png,A.MIG-0231,0.7566883266658664
04 ammo.png,HELLBLAU,0.9999798115751519
04 ammo.png,FS35352-RLM 65,0.9700524281068057
04 ammo.png,H-67,0.9974331855773926
04 ammo.png,C-115,0.9590397344880938
04 ammo.png,XF-25,0.9990398494994375
04 ammo.png,70.906,0.8554062839293758
04 ammo.png,71.255,0.6039778293270851
04 ammo.png,A.MIG-0232,0.7969310987172233
04 ammo.png,SCHWARTZGRUN,0.981707453923458
04 ammo.png,FS34052-RAL 7022-RLM 70,0.9251874037603008
04 ammo.png,H-65,0.6951957588530568
04 ammo.png,C-18,0.9106957237456197
04 ammo.png,XF-27,0.9983883843648726
04 ammo.png,70.897,0.936712132472349
04 ammo.png,71.021,0.9940751132896726
04 ammo.png,A.MIG-0233,0.7733026597156658
04 ammo.png,DUNKELGRUN,0.999767014991137
04 ammo.png,RLM 71,0.9990799821387313
04 ammo.png,H-64,0.6104067812779175
04 ammo.png,C-17,0.9654219746589661
04 ammo.png,71.015,0.9996056339123744
04 ammo.png,A.MIG-0235,0.8413905737181409
04 ammo.png,DARK GREY AMT-12,0.8593761963103849
04 ammo.png,FS 36152-RAL 7012,0.83634874368202
04 ammo.png,H-83,0.9997804164886475
04 ammo.png,C-32,0.5444116110562056
04 ammo.png,XF-75,0.9992038009464579
04 ammo.png,71.308,0.9956414621622488
04 ammo.png,A.MIG-0236,0.7565454214961462
04 ammo.png,FS 36293,0.8235136749318488
04 ammo.png,H-82,0.8636075570784637
04 ammo.png,C-31,0.99563068151474
04 ammo.png,A.MIG-0237,0.9009861162284317
04 ammo.png,DARK OLIVE DRAB,0.9994070493205227
04 ammo.png,FS 23070,0.7504045731470047
04 ammo.png,H-52,0.9833676815032959
04 ammo.png,C-12,0.696164260048927
04 ammo.png,XF-62,0.7171196133715342
04 ammo.png,71.016,0.9426355880823133
04 ammo.png,A.MIG-0238,0.7355858814724661
04 ammo.png,MEDIUM GREEN,0.9987025002896868
04 ammo.png,FS 34092-ANA 612,0.796595097180788
04 ammo.png,H-302,0.9997687293221379
04 ammo.png,C-302,0.748954639214317
04 ammo.png,XF-26,0.482359130315494
04 ammo.png,70.895,0.7053445279207566
04 ammo.png,71.124,0.9996721670861567
04 ammo.png,A.MIG-0239,0.6369789930980658
04 ammo.png,NEUTRAL GRAY,0.7490254025486095
04 ammo.png,FS 36122,0.7850010495254393
04 ammo.png,H-53,0.9994055032730103
04 ammo.png,C-13,0.9915769696235657
04 ammo.png,71.274,0.9836188497511414
04 ammo.png,A.MIG-0240,0.7571953681168819
04 ammo.png,FS 34086 (ANA 613),0.8566158434166312
04 ammo.png,FS 34086-RAL 7009,0.8949077830978184
04 ammo.png,70.830,0.9722462093835249
04 ammo.png,71.325,0.7188792510364197
04 ammo.png,A.MIG-0241,0.675901604964347
04 ammo.png,FS 36440,0.9999675467085171
04 ammo.png,FS 36440- RAL 7038 ,0.6743401084578374
04 ammo.png,H-315/H-325,0.77077917089275
04 ammo.png,C-315 / C-325,0.46934123889438933
04 ammo.png,70.986,0.6606574989753341
04 ammo.png,71.121,0.9887449631420326
04 ammo.png,AMIG-0242,0.6959281413636571
04 ammo.png,FS 37886,0.9698990823589193
04 ammo.png,AMIG-0243,0.6133988869001946
04 ammo.png,SKY TYPE S,0.7736842096883596
04 ammo.png,BS 210,0.9997751041614531
04 ammo.png,XF-21,0.9957260158927854
04 ammo.png,71.302,0.8197958488790863
04 ammo.png,AMIG-0244,0.782589460665013
04 ammo.png,DUCK EGG GREEN,0.8561405514470772
04 ammo.png,BS 216,0.9934765437726534
04 ammo.png,H-74,0.9969918727874756
04 ammo.png,C-26,0.9847075939178467
04 ammo.png,71.009,0.9978770932199925
04 ammo.png,AMIG-0245,0.9427516157987527
04 ammo.png,OCEAN GREY,0.9995220632463728
04 ammo.png,BS 629,0.7550104475984188
04 ammo.png,XF-82,0.5158337897391084
04 ammo.png,71.273,0.8152765370920714
04 ammo.png,A.MIG-0246,0.6783812707204165
04 ammo.png,MEDIUM SEA GREY,0.8337741463522664
04 ammo.png,BS 637,0.9938820838695015
04 ammo.png,H-335,0.9997015540829438
04 ammo.png,C-335,0.9993748935585545
04 ammo.png,XF-83,0.999684334713292
04 ammo.png,70.870,0.9999677823368617
04 ammo.png,71.307,0.8933414365125801
04 ammo.png,AMIG-0247,0.6357594162886022
04 ammo.png,HELLBLAU,0.9787801894082467
04 ammo.png,RLM 78,0.8700236448001115
04 ammo.png,H-418,0.8168712398848036
04 ammo.png,C-118,0.9900062421927719
04 ammo.png,70.972,0.9972035376794198
04 ammo.png,71.101,0.9999399931983354
04 ammo.png,AMIG-0248,0.8707961373524662
04 ammo.png,OLIVGRUN,0.7616734108378241
04 ammo.png,FS34083-RLM 80,0.8280680680662683
04 ammo.png,H-420,0.8641219386819433
04 ammo.png,C-120,0.6511369488182734
04 ammo.png,70.894,0.9825553434955427
04 ammo.png,71.265,0.6173540759421582
05 ammo.png,REFERENCE,0.9998979939832233
05 ammo.png,COLOR NAME,0.997917583128345
05 ammo.png,RAL/RLMFS,0.6946219101312817
05 ammo.png,HOBBY COLOR,0.7812126340011148
05 ammo.png,MR.COLOR,0.8918747845275746
05 ammo.png,TAMIYA,0.875425554695698
05 ammo.png,MODEL COLOR,0.98035883327372
05 ammo.png,MODEL AIR,0.9993609877137032
05 ammo.png,AMIG-0249,0.787638117947433
05 ammo.png,LIGHT BLUE,0.6809269420795078
05 ammo.png,FS35550,0.9397330784509493
05 ammo.png,71.306,0.7130967821696695
05 ammo.png,A.MIG-0250,0.8149702637221613
05 ammo.png,NIGHT BLUE GREY,0.8146471874184927
05 ammo.png,70.964,0.9929272402903107
05 ammo.png,A.MIG-0251,0.6942288334808805
05 ammo.png,RUSSIAN BLUE AMT-7,0.5726815836635967
05 ammo.png,71.318,0.9998705038302339
05 ammo.png,AMIG-0252,0.7681100636295026
05 ammo.png,GREY BROWN AMT-1,0.9682620597112742
05 ammo.png,71.320,0.9908477433187218
05 ammo.png,A.MIG-0253,0.7290984677782448
05 ammo.png,GRAUGRUN,0.7632255363966635
05 ammo.png,RLM 74,0.9942450615458197
05 ammo.png,H-68,0.9601734273682639
05 ammo.png,C-36,0.9857593774795532
05 ammo.png,70.867,0.9999888065785272
05 ammo.png,71.258,0.7515899203516294
05 ammo.png,A.MIG-0254,0.8184222905485027
05 ammo.png,GRAUVIOLETT,0.8781316030107529
05 ammo.png,RLM 75,0.9837120711989079
05 ammo.png,H-69,0.9533070223106602
05 ammo.png,C-37,0.9932937026023865
05 ammo.png,70.869,0.9998342371487758
05 ammo.png,71.259,0.7478092047905879
05 ammo.png,A.MIG-0255,0.6724307016815033
05 ammo.png,BRAUNVIOLETT,0.49755769836945946
05 ammo.png,RLM 81,0.9174993924866255
05 ammo.png,H-421,0.9993900885906513
05 ammo.png,C-121,0.6588189907889945
05 ammo.png,71.264,0.7540159304998596
05 ammo.png,A.MIG-0256,0.7180390104847618
05 ammo.png,GRAUBLAU,0.9999892525297072
05 ammo.png,RLM 84,0.9974719527503564
05 ammo.png,71.103,0.9920726675947815
05 ammo.png,A.MIG-0257,0.7471712032306357
05 ammo.png,AZURE BLUE,0.9953725532257861
05 ammo.png,C-370,0.9978181379021953
05 ammo.png,70.902,0.9964735539578485
05 ammo.png,71.108,0.9991513127623668
05 ammo.png,A.MIG-0900,0.45479247488006325
05 ammo.png,DUNKELGELB SHADOW,0.9996641214388979
05 ammo.png,A.MIG-0901,0.9196044665541959
05 ammo.png,DUNKELGELB DARK BASE,0.8989288428916472
05 ammo.png,71.030,0.9001509723245535
05 ammo.png,A.MIG-0902,0.8384316671256601
05 ammo.png,DUNKELGELB BASE,0.8208704623758635
05 ammo.png,H-71,0.9901773929595947
05 ammo.png,C-21,0.9164022590977106
05 ammo.png,70.882,0.5442694316724899
05 ammo.png,AMIG-0903,0.8096306851103409
05 ammo.png,DUNKELGELB LIGHT BASE,0.9999101958470311
05 ammo.png,70.976,0.7190697631849533
05 ammo.png,A.MIG-0904,0.920901664713265
05 ammo.png,DUNKELGELB HIGH LIGHT,0.7762025862507904
05 ammo.png,A.MIG-0905,0.8369328398059555
05 ammo.png,DUNKELGELB SHINE,0.9893173653322309
05 ammo.png,70.344,0.9602894514479
05 ammo.png,71.132,0.7258136172575957
05 ammo.png,A.MIG-0906,0.8756326385214439
05 ammo.png,GREY SHADOW,0.9508393371076272
05 ammo.png,BS 640,0.9828076393046011
05 ammo.png,H-333,0.8146125361277485
05 ammo.png,C-333,0.7486285500426766
05 ammo.png,A.MIG-0907,0.8246870060154571
05 ammo.png,GREY DARK BASE,0.9997636164716325
05 ammo.png,XF-69,0.9905246922720847
05 ammo.png,70.333,0.9881248715008182
05 ammo.png,71.049,0.9465080742983724
05 ammo.png,A.MIG-0908,0.7939324156251414
05 ammo.png,GREY BASE,0.7654502083827647
05 ammo.png,FS 26081,0.9998248313424948
05 ammo.png,H-301 /H-339,0.9944463238468432
05 ammo.png,C-301 / €-339,0.6274410820371217
05 ammo.png,70.995,0.9990142869332436
05 ammo.png,AMIG-0909,0.6585831192040561
05 ammo.png,GREY LIGHT BASE,0.9803246624003331
05 ammo.png,H-458,0.6514462193623952
05 ammo.png,XF-24,0.9986370668352296
05 ammo.png,A.MIG-0910,0.7221379125275118
05 ammo.png,GREY HIGH LIGHT,0.6220132710591519
05 ammo.png,H-75,0.9952849745750427
05 ammo.png,C-25,0.9807343047633162
05 ammo.png,XF-54,0.9984846836475002
05 ammo.png,70.836,0.9995657719364658
05 ammo.png,71.277,0.65910029880817
05 ammo.png,AMIG-0911,0.8294349944186623
05 ammo.png,GREY SHINE,0.6857740053053202
05 ammo.png,AMIG-0912,0.6929832112155072
05 ammo.png,RED BROWN SHADOW,0.9131820577709115
05 ammo.png,H-17,0.6657766102109923
05 ammo.png,C-29,0.6484087953104816
05 ammo.png,XF-9,0.996928870677948
05 ammo.png,71.038,0.9895764774962821
05 ammo.png,A.MIG-0913,0.9449524930624875
05 ammo.png,RED BROWN BASE,0.906017898565928
05 ammo.png,H-7,0.5903801321983337
05 ammo.png,C-7,0.8560291528701782
05 ammo.png,XF-79,0.9980148010228872
05 ammo.png,A.MIG-0914,0.668126821421003
05 ammo.png,RED BROWN LIGHT,0.7300798207662451
05 ammo.png,AMIG-0915,0.7108906981324127
05 ammo.png,DARK GREEN,0.735040558725582
05 ammo.png,XF-81,0.9991477112477966
05 ammo.png,A.MIG-0916,0.7150490874087302
05 ammo.png,GREEN BASE,0.9996080993683716
05 ammo.png,70.827,0.9999573675136857
05 ammo.png,AMIG-0917,0.7887672100813461
05 ammo.png,LIGHT GREEN,0.6334945240490322
05 ammo.png,A.MIG-0918,0.7144772595915896
05 ammo.png,RED PRIMER SHADOW,0.9674285922739898
05 ammo.png,70.822,0.8784102403873453
05 ammo.png,AMIG-0919,0.8712356950598489
05 ammo.png,RED PRIMER DARK BASE,0.8223162783984506
05 ammo.png,AMIG-0920,0.9990782202667984
05 ammo.png,RED PRIMER,0.9858901212169727
05 ammo.png,BASE,0.9999890923500061
05 ammo.png,AMIG-0921,0.6905381603501152
05 ammo.png,RED PRIMER LIGHT BASE,0.7691668051015514
05 ammo.png,A.MIG-0922,0.6391664194875977
05 ammo.png,RED PRIMER HIGH LIGHTS,0.5346241917136727
05 ammo.png,A.MIG-0923,0.6720447264856964
05 ammo.png,RED PRIMER SHINE,0.9977934679978819
05 ammo.png,70.341,0.9768351417584511
05 ammo.png,71.026,0.9988389461236507
05 ammo.png,A.MIG-0924,0.7005903147589134
05 ammo.png,OLIVE DRAB SHADOW,0.9351236220145205
05 ammo.png,A.MIG-0925,0.831579703315345
05 ammo.png,OLIVE DRAB DARK BASE,0.7930624496074262
05 ammo.png,RLM 83,0.9726329371206583
05 ammo.png,H-78,0.9915628433227539
05 ammo.png,C-38,0.9950850009918213
05 ammo.png,70.889,0.9989428273828362
05 ammo.png,71.043,0.9641393908170292
05 ammo.png,A.MIG-0926,0.8506116297865859
05 ammo.png,OLIVE DRAB BASE,0.5185299508717426
05 ammo.png,H-304,0.8433546770165097
05 ammo.png,C-304,0.5442414438418195
05 ammo.png,71.286,0.6934827253432589
05 ammo.png,A.MIG-0927,0.5441539577799771
05 ammo.png,OLIVE DRAB LIGHT BASE,0.8237292527280359
05 ammo.png,AMIG-0928,0.8504813594676693
05 ammo.png,OLIVE DRAB HIGH LIGHTS,0.5322726530960271
05 ammo.png,71.139,0.9940186383663834
05 ammo.png,AMIG-0929,0.8751115511891912
05 ammo.png,OLIVE DRAB SHINE,0.9874803344832644
05 ammo.png,70.332,0.6213866233975627
05 ammo.png,71.138,0.9980712352035387
05 ammo.png,A.MIG-0930,0.3527161493487852
05 ammo.png,RUSSIAN SHADOW,0.8645449947578526
05 ammo.png,AMIG-0931,0.8733841240580835
05 ammo.png,RUSSIAN DARK BASE,0.825218983780613
05 ammo.png,XF-74,0.8771776376627878
05 ammo.png,71.020,0.9860255880496771
05 ammo.png,A.MIG-0932,0.824871760947626
05 ammo.png,RUSSIAN BASE,0.843916720849676
05 ammo.png,71.303,0.9992255556823312
05 ammo.png,AMIG-0933,0.5834776201513674
05 ammo.png,RUSSIAN LIGHT BASE,0.9705133643272886
05 ammo.png,A.MIG-0934,0.7006229897821991
05 ammo.png,RUSSIAN HIGH LIGHT,0.981551875229627
05 ammo.png,A.MIG-0935,0.431694509146426
05 ammo.png,RUSSIAN SHINE,0.9998963771626407
05 ammo.png,H-62,0.9916623783182938
05 ammo.png,C-56,0.9373392404015012
05 ammo.png,XF-14,0.9995507810505705
05 ammo.png,71.321,0.9969317278943092
